130860, Monaco Forever (1984), C. William Pitt,  , William A. Levey, Daniele Romer| Jean-Claude Van Damme| Nancy Brock| Charles Pitt, 
111815, Once Upon a Time in Shanghai (2014), Jing Wong,  , Ching-Po Wong, Andy On| Luxia Jiang| Philip Ng| Sammo Kam-Bo Hung, 
168162, A Perry Mason Mystery: The Case of the Jealous Jokester (1995), Erle Stanley Gardner| Gerry Conway,  , Vincent McEveety, Barbara Hale| William R. Moses| Tony Roberts| Hal Holbrook, 
71341, Blood Creek (a.k.a. Town Creek) (2009), David Kajganich,  , Joel Schumacher, Dominic Purcell| Emma Booth| Henry Cavill| Michael Fassbender, 
153574, Julietta (2001), Jochen Bitzer| Chris Martin Silber,  , Christoph Stark, Barnaby Metschurat| Matthias Koeberlin| Sibylle Canonica| Lavinia Wilson, 
2351, Nights of Cabiria (Notti di Cabiria| Le) (1957), Pier Paolo Pasolini| Tullio Pinelli| Brunello Rondi| Ennio Flaiano, Films_set_in_Rome|Italian_drama_films|1957_drama_films|1957_films|Films_scored_by_Nino_Rota|Italian-language_films|Italian_black-and-white_films|Italian_films|Paramount_Pictures_films|Best_Foreign_Language_Film_Academy_Award_winners|Films_about_prostitution_in_Italy|Films_directed_by_Federico_Fellini|Films_produced_by_Dino_De_Laurentiis|Films_with_screenplays_by_Federico_Fellini, Federico Fellini, Dorian_Gray_(actress)|François_Périer|Giulietta_Masina|Amedeo_Nazzari|Franca_Marzi, Drama
88327, New One-Armed Swordsman| The (Xin du bi dao) (1971), Kuang Ni,  , Cheh Chang, Feng Ku| Lung Ti| Ching Lee| David Chiang, 
82043, Little Red Flowers (Kan shang qu hen mei) (2006), Dai Ning| Shuo Wang,  , Yuan Zhang, Yuanyuan Ning| Bowen Dong| Manyuan Chen| Zhao Rui, 
2988, Melvin and Howard (1980), Bo Goldman, 1980_drama_films|1980_films|Films_based_on_actual_events|Films_featuring_a_Best_Supporting_Actress_Academy_Award-winning_performance|Films_set_in_California|Films_set_in_Utah|Films_set_in_the_1970s|Films_shot_in_California|Films_shot_in_Utah|American_comedy-drama_films|American_films|English-language_films|Universal_Pictures_films|1980_comedy-drama_films|1980_comedy_films|Films_directed_by_Jonathan_Demme|Films_featuring_a_Best_Supporting_Actress_Golden_Globe-winning_performance|Films_produced_by_Art_Linson|Films_scored_by_Bruce_Langhorne|Films_set_in_Nevada|Films_shot_in_Nevada|Films_whose_writer_won_the_Best_Original_Screenplay_Academy_Award|Films_with_screenplays_by_Bo_Goldman|National_Society_of_Film_Critics_Award_for_Best_Film_winners|Cultural_depictions_of_Howard_Hughes, Jonathan Demme, Paul Le Mat| Mary Steenburgen| Elizabeth Cheshire| Jason Robards, Drama
128001, The Green Van (1983), Aleksandr Kozachinskiy| Igor Shevtsov,  , Aleksandr Pavlovskiy, Aleksandr Demyanenko| Aleksandr Solovyov| Borislav Brondukov| Dmitriy Kharatyan, 
136381, Bisturi| la mafia bianca (1973), Massimo De Rita| Dino Maiuri,  , Luigi Zampa, Senta Berger| Gabriele Ferzetti| Enrico Maria Salerno| Luciano Salce, 
65521, Howling V: The Rebirth (1989), Freddie Rowe| Clive Turner| Gary Brandner,  , Neal Sundstrom, Phil Davis| Victoria Catlin| Elizabeth Shé| Ben Cole, 
164471, Revenge (1971), John Kruse,  , Sidney Hayers, Sinéad Cusack| Ray Barrett| James Booth| Joan Collins, 
59519, Reprise (2006), Eskil Vogt,  , Joachim Trier, Anders Danielsen Lie| Odd-Magnus Williamson| Espen Klouman Høiner| Viktoria Winge, 
122319, Ice Soldiers (2013), Jonathan Tydor,  , Sturla Gunnarsson, Dominic Purcell| Adam Beach| Gabriel Hogan| Michael Ironside, 
120606, Zenobia (1939), Walter DeLeon| H.C. Bunner| Corey Ford| Norm Blackburn| Arnold Belgard,  , Gordon Douglas, Alice Brady| Harry Langdon| Oliver Hardy| Billie Burke, 
5729, Endless Love (1981), Judith Rascoe| Scott Spencer,  , Franco Zeffirelli, Don Murray| Shirley Knight| Brooke Shields| Martin Hewitt, 
127258, The Passerby (1982), Jacques Kirsner| Joseph Kessel,  , Jacques Rouffio, Michel Piccoli| Helmut Griem| Romy Schneider| Dominique Labourier, 
155464, Sweet n Short (1991), Peet Buys| Daan Smuts| Paul Slabolepszy,  , Gray Hofmeyr, Casper de Vries| Alfred Ntombela| Joanna Weinberg| Leon Schuster, 
103982, Frankensteins Army (2013), Mary Shelley| Chris W. Mitchell| Miguel Tejada-Flores,  , Richard Raaphorst, Robert Gwilym| Hon Ping Tang| Alexander Mercury| Luke Newberry, 
138300, Welcome to the North (2012), Fabio Bonifacci,  , Luca Miniero, Alessandro Siani| Valentina Lodovini| Claudio Bisio| Angela Finocchiaro, 
127656, Mr. Kinky (1968), Ruggero Maccari| Ettore Scola,  , Dino Risi, Ann-Margret| Vittorio Gassman| Egidio Casolari| Giuseppe Altamurra, 
7033, Secret of My Succe$s| The (a.k.a. The Secret of My Success) (1987), Jim Cash| AJ Carothers| Jack Epps Jr.,  , Herbert Ross, Margaret Whitton| Helen Slater| Michael J. Fox| Richard Jordan, 
178481, Headwinds (2011), Olivier Adam| Marion Laine| Marie-Pierre Huster,  , Jalil Lespert, Ramzy Bedia| Benoît Magimel| Isabelle Carré| Antoine Duléry, 
98761, Shaolin Temple 2: Kids from Shaolin (Shao Lin xiao zi) (Kids from Shaolin) (1984), Shu-Hua Ho| Chi-Keung Leung,  , Hsin-Yen Chang, Lan Ding| Chunhua Ji| Jet Li| Qiuyan Huang, 
109736, Concepción Arenal| la visitadora de cárceles (2012), Rafa Russo,  , Laura Mañá, Mabel Rivera| Òscar Rabadán| Anna Casas| Blanca Portillo, 
47092, On Dangerous Ground (1952), A.I. Bezzerides| Gerald Butler,  , Nicholas Ray, Robert Ryan| Ida Lupino| Charles Kemper| Ward Bond, 
187477, Night Bus (2017), Rahabi Mandra,  , Emil Heradi, Yayu A.W. Unru| Edward Akbar| T. Rifnu Wikana| Hana Prinantina, 
141156, Alibi Ike (1935), Ring Lardner| William Wister Haines,  , Ray Enright, Ruth Donnelly| Olivia de Havilland| Joe E. Brown| William Frawley| Roscoe Karns, 
96849, Sparkle (2012), Mara Brock Akil| Howard Rosenman| Joel Schumacher,  , Salim Akil, Carmen Ejogo| Derek Luke| Whitney Houston| Jordin Sparks Thomas, 
131590, Hamburger: The Motion Picture (1986), Donald Ross,  , Mike Marvin, Chuck McCann| Randi Brooks| Dick Butkus| Leigh McCloskey, 
86057, Outrageous Class (Hababam sinifi) (1975), Rifat Ilgaz| Umur Bugay,  , Ertem Egilmez, Halit Akçatepe| Kemal Sunal| Münir Özkul| Tarik Akan, 
155908, Public Wedding (1937), Houston Branch| Roy Chanslor,  , Nick Grinde, Jane Wyman| William Hopper| Marie Wilson| Dick Purcell, 
116555, The Disembodied (1957), Jack Townley,  , Walter Grauman, Allison Hayes| Eugenia Paul| Paul Burke| John Wengraf, 
125133, Prairie Fever (2008), Steven H. Berman,  , David S. Cass Sr.| Stephen Bridgewater, Kevin Sorbo| Dominique Swain| Jamie Anne Allman| Lance Henriksen, 
191995, Arasatchi (2004), Gopal Ram,  , N. Maharajan, Raghuvaran| Charan Raj| Lara Dutta| Manivannan, 
116034, Children of the Corn: Genesis (2011), Stephen King,  , Joel Soisson, Kelen Coleman| Diane Peterson| J.J. Banicki| Kai Caster, 
52551, Redline (2007), Daniel Sadek| Robert Foreman,  , Andy Cheng, Angus Macfadyen| Nadia Bjorlin| Nathan Phillips| Eddie Griffin, 
125576, The Secret Partner (1961), Jack Seddon| David Pursall,  , Basil Dearden, Hugh Burden| Stewart Granger| Haya Harareet| Bernard Lee, 
131710, The Bermuda Triangle (1996), Stephen McPherson| Elizabeth Bradley,  , Ian Toynton, David Gallagher| Lisa Jakub| Susanna Thompson| Sam Behrens, 
72927, Donkey Xote (2007), Angel E. Pariente| Miguel de Cervantes y Saavedra,  , Jose Pozo, Andreu Buenafuente| José Luis Gil| David Fernández| Luis Posada, 
103498, Double Solitaire (1974), Robert Anderson,  , Paul Bogart, Norman Foster| Richard Crenna| Nicholas Hammond| Susan Clark| Harold Gould| Norma Crane, 
4549, Sweet Hearts Dance (1988), Ernest Thompson,  , Robert Greenwald, Don Johnson| Jeff Daniels| Susan Sarandon| Elizabeth Perkins, 
149564, Tom Browns School Days (1940), Walter Ferris| Frank Cavett| Thomas Hughes| C. Graham Baker| Gene Towne,  , Robert Stevenson, Cedric Hardwicke| Freddie Bartholomew| Josephine Hutchinson| Jimmy Lydon, 
130982, Widows (2011), Bernarda Pagés,  , Marcos Carnevale, Valeria Bertuccelli| Graciela Borges| Martín Bossi| Rita Cortese, 
142618, Flying Colors (2015), Hiroshi Hashimoto| Nobutaka Tsubota,  , Nobuhiro Doi, Atsushi Itô| Morio Agata| Kasumi Arimura| Nanami Abe, 
173695, Succubus (1968), Pier A. Caminnecci,  , Jesús Franco, Howard Vernon| Adrian Hoven| Jack Taylor| Janine Reynaud, 
26547, Police Story (Ging chaat goo si) (1985), Edward Tang,  , Chi-Hwa Chen, Brigitte Lin| Yuen Chor| Jackie Chan| Maggie Cheung, 
8667, A Home at the End of the World (2004), Michael Cunningham,  , Michael Mayer, Sissy Spacek| Colin Farrell| Robin Wright| Dallas Roberts, 
112259, Norman... Is That You? (1976), Sam Bobrick| Ron Clark,  , George Schlatter, Pearl Bailey| Michael Warren| Redd Foxx| Dennis Dugan, 
3287, Tigger Movie| The (2000), A.A. Milne| Eddie Guzelian, Musicals_by_the_Sherman_Brothers|Winnie-the-Pooh_films|Winnie_the_Pooh_(franchise)|2000_directorial_debut_films|2000s_American_animated_films|American_buddy_films|American_children's_animated_adventure_films|American_children's_animated_comedy_films|American_children's_animated_drama_films|American_children's_animated_musical_films|American_musical_comedy-drama_films|American_sequel_films|Animated_feature_films|Animated_films_about_friendship|Children's_comedy-drama_films|DisneyToon_Studios_animated_films|Disney_Television_Animation_films|Films_with_live_action_and_animation|Walt_Disney_Pictures_films|2000_films|American_films|Comedy_film_soundtracks|American_adventure_comedy-drama_films|Animated_buddy_films|Animated_films_about_animals|Walt_Disney_Records_soundtracks|Films_scored_by_Harry_Gregson-Williams|Drama_film_soundtracks|2000_animated_films|2000s_adventure_comedy-drama_films|2000s_musical_comedy-drama_films|Musical_film_soundtracks, Jun Falkenstein, Ken_Sansom|Peter_Cullen|John_Fiedler|Andre_Stojka|Jim_Cummings|Kath_Soucie|John_Hurt|Tom_Attenborough|Nikita_Hopkins, Animation|Children
118914, The Curse of King Tuts Tomb (2006), David N. Titcher,  , Russell Mulcahy, Steven Waddington| Leonor Varela| Casper Van Dien| Jonathan Hyde, 
47501, Tolable David (1921), Joseph Hergesheimer| Edmund Goulding,  , Henry King, Gladys Hulette| Walter P. Lewis| Richard Barthelmess| Ernest Torrence, 
157164, The Priests Children (2013), Mate Matisic,  , Vinko Bresan, Drazen Kuhn| Marija Skaricic| Kresimir Mikic| Niksa Butijer, 
37824, Born to Fight (Kerd ma lui) (2004), Morakat Kaewthanek| Thanapat Taweesuk| Nontakorn Taweesuk,  , Panna Rittikrai, Nappon Gomarachun| Dan Chupong| Piyapong Piew-on| Santisuk Promsiri, 
153700, Tussenland (2002), Helena van der Meulen,  , Eugenie Jansen, Jan Munter| John Kon Kelei| Willem Smit| Ingeborg Uyt den Boogaard, 
6177, Murphys Law (1986), Gail Morgan Hickman,  , J. Lee Thompson, Robert F. Lyons| Kathleen Wilhoite| Carrie Snodgress| Charles Bronson, 
165719, Luokkakokous 2: Polttarit (2016), Lars Mering| Claudia Boderke,  , Taneli Mustonen, Jaajo Linnonmaa| Sami Hedberg| Aku Hirviniemi| Helena Vierikko, 
168208, Карусель (1970), Anton Chekhov,  , Mikhail Shvejtser, Vladimir Basov| Ivan Lapikov| Evgeniy Leonov| Natalya Vorobyova, 
51617, Unfaithfully Yours (1984), Barry Levinson| Valerie Curtin| Robert Klane| Preston Sturges,  , Howard Zieff, Nastassja Kinski| Armand Assante| Albert Brooks| Dudley Moore, 
133453, In the shadow of the eagles (1966), Nino Milano,  , Ferdinando Baldi, Beba Loncar| Cameron Mitchell| Dieter Eppler| Gabriella Pallotta, 
46372, Bribe| The (1949), Frederick Nebel| Marguerite Roberts,  , Vincente Minnelli| Robert Z. Leonard, Charles Laughton| Vincent Price| Robert Taylor| Ava Gardner, 
97042, Ishaqzaade (2012), Aditya Chopra,  , Habib Faisal, Arjun Kapoor| Anil Rastogi| Gauahar Khan| Parineeti Chopra, 
132608, Barbecue (2014), Héctor Cabello Reyes,  , Eric Lavaine, Florence Foresti| Guillaume de Tonquédec| Lambert Wilson| Franck Dubosc, 
7323, Good bye| Lenin! (2003), Chris Martin Silber| Henk Handloegten| Achim von Borries| Bernd Lichtenberg,  , Wolfgang Becker, Florian Lukas| Katrin Saß| Daniel Brühl| Chulpan Khamatova, 
83134, Tucker & Dale vs Evil (2010), Morgan Jurgenson,  , Eli Craig, Tyler Labine| Jesse Moss| Katrina Bowden| Alan Tudyk, 
106753, Shed No Tears (Känn ingen sorg) (2013), Moa Gammel| Cilla Jackert,  , Björn Stein| Måns Mårlind, Reine Brynolfsson| Marie Richardson| Josefin Neldén| Adam Lundgren, 
102744, Night at the Crossroads (La nuit du carrefour) (1932), Georges Simenon,  , Jean Renoir, Winna Winifried| Georges Térof| Pierre Renoir| Georges Koudria, 
77846, 12 Angry Men (1997), Reginald Rose,  , William Friedkin, Jack Lemmon| George C. Scott| Hume Cronyn| Ossie Davis, 
131892, Beach Balls (1988), David Rocklin,  , Joe Ritter, Heidi Helmer| Amanda Goodwin| Steven Tash| Phillip Paley, 
137024, The Perfect Nanny (2000), Mark Castaldo| Christine Conradt| Richard Gilbert-Hill| Victor Schiller,  , Robert Malenfant, Scott Terra| Bruce Boxleitner| Dana Barron| Tracy Nelson, 
8045, Hamburger Hill (1987), James Carabatsos,  , John Irvin, Michael Dolan| Michael Boatman| Anthony Barrile| Don Cheadle, 
184033, Why Me? (2015), Loredana Novak,  , Tudor Giurgiu, Andreea Vasile| Emilian Oprea| Mihai Constantin| Dan Condurache, 
78057, Adventures of Tarzan (1921), Edgar Rice Burroughs| Bert Ennis| Lillian Valentine,  , Robert F. Hill| Scott Sidney, Frank Whitson| Scott Pembroke| Louise Lorraine| Elmo Lincoln, 
122733, Mosquito Squadron (1969), Donald S. Sanford| Joyce Perry,  , Boris Sagal, Suzanne Neve| David McCallum| Charles Gray| David Buck, 
156264, The Notorious Lone Wolf (1946), Edward Dein| Louis Joseph Vance| Martin Berkeley| William Bowers| Garrett Graham,  , D. Ross Lederman, Gerald Mohr| John Abbott| Eric Blore| Janis Carter, 
167302, Dont let Alberto fall into temptation (2014), Leonardo De Leon,  , Joe Menendez, Valentino Lanus| Vladimir Acevedo| Jon Molerio| Sandra Echeverría, 
155098, Pizza II: Villa (2013), Manikandan,  , Deepan Chakravarthy, Nassar| Ashok Selvan| Jayakumar| Sanchita Shetty, 
105936, Space Amoeba (Yog: Monster from Space) (1970), Ei Ogawa,  , Ishirô Honda, Kenji Sahara| Akira Kubo| Atsuko Takahashi| Yukiko Kobayashi, 
4447, Legally Blonde (2001), Amanda Brown| Kirsten Smith| Karen McCullah,  , Robert Luketic, Matthew Davis| Selma Blair| Reese Witherspoon| Luke Wilson, 
171309, Killing Reagan (2016), "Martin Dugard| ""Bill OReilly""| Eric Simonson",  , Rod Lurie, Joel Murray| Patrick St. Esprit| Cynthia Nixon| Tim Matheson, 
95588, Balto: Wolf Quest (2002) , Dev Ross| Elana Lesser| Cliff Ruby,  , Phil Weinstein, Mark Hamill| Lacey Chabert| David Carradine| Jodi Benson, 
152354, Deewangee (2002), Neeraj Pathak,  , Anees Bazmee, Farida Jalal| Akshaye Khanna| Ajay Devgn| Urmila Matondkar, 
80288, Street with No Name| The (1948), Harry Kleiner| Samuel G. Engel,  , William Keighley, Richard Widmark| Mark Stevens| Lloyd Nolan| Barbara Lawrence, 
69971, Ludwig (1972), "Enrico Medioli| ""Suso Cecchi DAmico""",  , Luchino Visconti, Helmut Berger| Silvana Mangano| Trevor Howard| Romy Schneider, 
7311, Goodbye| Mr. Chips (1939), R.C. Sherriff| Eric Maschwitz| Claudine West| James Hilton,  , Sam Wood| Sidney Franklin, John Mills| Robert Donat| Greer Garson| Terry Kilburn, 
87843, Broken Windows (2008), Thomas J. Rasera,  , Tony Hickman, Larisa Oleynik| Jennifer Hall| Sara Jane Nash| Sarah Thompson, 
7414, Going in Style (1979), Edward Cannon,  , Martin Brest, Charles Hallahan| Lee Strasberg| Art Carney| George Burns, 
124472, Red Light (1949), """Don Red Barry""| George Callahan| Charles Grayson",  , Roy Del Ruth, Gene Lockhart| Virginia Mayo| Raymond Burr| George Raft, 
165947, The True Memoirs of an International Assassin (2016), Jeff Morris,  , Jeff Wadlow, Maurice Compte| Kim Coates| Zulay Henao| Kevin James, 
178641, Chasing the Dragon (2017), Koon-Nam Lui| Ming-Ho Yip,  , Jason Kwan| Jing Wong| Aman Chang, Philip Keung| Wilfred Lau| Andy Lau| Donnie Yen, 
191071, Baba (2002), Gopu-Babu| Balakumaran| Sri Ramakrishna,  , Suresh Krishna, Goundamani| Manisha Koirala| M.N. Nambiar| Rajinikanth, 
135667, People of Rome (2003), Paola Scola| Silvia Scola,  , Ettore Scola, Fiorenzo Fiorentini| Antonello Fassari| Giorgio Colangeli| Fabio Ferrari, 
170725, Johanneksen leipäpuu (1994), Martti Joenpolvi| Juha Lehtola,  , Matti Ijäs, Pekka Huotari| Sulevi Peltola| Liisa Lehtimaja| Tarja Siimes, 
7167, Japanese Story (2003), Alison Tilson,  , Sue Brooks, Matthew Dyktynski| Toni Collette| Lynette Curran| Gotaro Tsunashima, 
113254, Zarafa (2012), Alexander Abela,  , Muhammad Omar Faruk| Rémi Bezançon| Jean-Christophe Lie, Max Renaudin Pratt| Simon Abkarian| Abraham Adesoye| Sjaak Caderyn, 
101112, Oz the Great and Powerful (2013), David Lindsay-Abaire| Mitchell Kapner| L. Frank Baum,  , Sam Raimi, Mila Kunis| Rachel Weisz| Michelle Williams| James Franco, 
110223, Prisoner of Zenda| The (1979), Dick Clement| Edward E. Rose| Ian La Frenais| Anthony Hope,  , Richard Quine, Lynne Frederick| Lionel Jeffries| Elke Sommer| Peter Sellers, 
96304, Hara-Kiri: Death of a Samurai (2011), Yasuhiko Takiguchi| Kikumi Yamagishi,  , Takashi Miike, Munetaka Aoki| Hikari Mitsushima| Naoto Takenaka| Kôji Yakusho, 
4195, Abominable Dr. Phibes| The (1971), William Goldstein| James Whiton,  , Robert Fuest, Terry-Thomas| Virginia North| Vincent Price| Joseph Cotten, 
87227, Gabriel Over the White House (1933), T.F. Tweed| Carey Wilson| Bertram Bloch,  , Gregory La Cava, Franchot Tone| Arthur Byron| Karen Morley| Walter Huston, 
124577, A Boy and His Samurai (2010), Gen Araki,  , Yoshihiro Nakamura, Ryô Nishikido| Keisuke Horibe| Jun Inoue| Hiroki Konno| Fuku Suzuki| Rie Tomosaka, 
139321, Unknown Caller (2014), Jupiter J. Makins,  , Amariah Olson| Obin Olson, Louise Griffiths| David Chisum| Henri Lubatti| Assaf Cohen, 
798, Daylight (1996), Leslie Bohem,  , Rob Cohen, Sylvester Stallone| Viggo Mortensen| Amy Brenneman| Dan Hedaya, Action|Adventure|Drama|Thriller
162870, Irreplaceable (2016), Baya Kasmi| Khalladi Shérazade,  , Thomas Lilti, Marianne Denicourt| Patrick Descamps| François Cluzet| Christophe Odent, 
100359, Haunting in Connecticut 2: Ghosts of Georgia| The (2013), David Coggeshall,  , Tom Elkins, Katee Sackhoff| Emily Alyn Lind| Chad Michael Murray| Abigail Spencer, 
26402, Harper Valley P.T.A. (1978), Barry Schneider| George Edwards,  , Ralph Senensky| Richard C. Bennett, Louis Nye| Ronny Cox| Nanette Fabray| Barbara Eden, 
27671, As If I Didnt Exist (Elina - Som om jag inte fanns) (2002), Kerstin Johansson i Backe| Jimmy Karlsson| Kjell Sundstedt,  , Klaus Härö, Bibi Andersson| Henrik Rafaelsen| Marjaana Maijala| Natalie Minnevik, 
112017, Child Is Born| A (1939), Robert Rossen| Mary M. Axelson,  , Lloyd Bacon, Gale Page| Jeffrey Lynn| Geraldine Fitzgerald| Gladys George, 
148282, Call Me Claus (2001), Brian Bird| Sara Bernstein| Gregory Bernstein| Paul Mooney,  , Peter Werner, Nigel Hawthorne| Victor Garber| Whoopi Goldberg| Brian Stokes Mitchell, 
109985, Human Factor| The (1979), Graham Greene| Tom Stoppard,  , Otto Preminger, Richard Attenborough| Derek Jacobi| Nicol Williamson| Joop Doderer, 
2515, Children of the Corn II: The Final Sacrifice (1993), A L Katz| Gilbert Adler| Stephen King, Films_set_in_Nebraska|1992_films|American_sequel_films|American_slasher_films|Dimension_Films_films|Films_shot_in_North_Carolina|American_films|English-language_films|Films_about_religion|Children_of_the_Corn|1990s_slasher_films|1992_horror_films|Films_about_cults|Films_scored_by_Daniel_Licht|Films_set_in_1983, David Price, Paul_Scherrer_(actor)|Terence_Knox|Ned_Romero|Christie_Clark|Rosalind_Allen|Ryan_Bollman, Horror
131389, Sabrina the Teenage Witch (1996), Barney Cohen| Nicholas Factor| Kathryn Wallack,  , Tibor Takács, Michelle Beaudoin| Charlene Fernetz| Melissa Joan Hart| Sherry Miller, 
6314, Undercover Blues (1993), Ian Abrams,  , Herbert Ross, Kathleen Turner| Dennis Quaid| Fiona Shaw| Stanley Tucci, 
170829, Verschwende deine Jugend (2003), Ralf Hertwig| Kathrin Richter,  , Benjamin Quabeck, Robert Stadlober| Tom Schilling| Marlon Kittel| Jessica Schwarz, 
145596, Kabukicho Love Hotel (2015), Haruhiko Arai| Futoshi Nakano,  , Ryuichi Hiroki, Atsuko Maeda| Asuka Hinoi| Shôta Sometani| Roy 5tion, 
161163, The Lost Valentine (2011), Barton Taney| James Michael Pratt| Maryann Ridini Spencer,  , Darnell Martin, Sean Faris| Betty White| Jennifer Love Hewitt| Billy Magnussen, 
85387, Chang: A Drama of the Wilderness (1927), Achmed Abdullah,  , Merian C. Cooper| Ernest B. Schoedsack, Kru| Ladah| Nah| Chantui, 
109474, Satans Sword (Daibosatsu tôge) (1960), Kaizan Nakazato| Teinosuke Kinugasa,  , Kenji Misumi, Kôjirô Hongô| Fujiko Yamamoto| Tamao Nakamura| Raizô Ichikawa, 
184223, Heyy Babyy (2007), Milap Zaveri| Renuka Kunzru,  , Sajid Khan, Akshay Kumar| Riteish Deshmukh| Vidya Balan| Fardeen Khan, 
178077, Storm Boy (1976), Colin Thiele| Sonia Borg,  , Henri Safran| Ian Goddard, Greg Rowe| Judy Dick| Peter Cummins| David Gulpilil, 
46974, World Trade Center (2006), Allison Jimeno| Andrea Berloff| William Jimeno| Donna McLoughlin| John McLoughlin,  , Oliver Stone, Michael Peña| Maria Bello| Nicolas Cage| Maggie Gyllenhaal, 
2259, Blame It on Rio (1984), Claude Berri| Charlie Peters| Larry Gelbart, American_slapstick_comedy_films|20th_Century_Fox_films|American_remakes_of_French_films|1984_comedy_films|1984_films|American_films|American_independent_films|American_romantic_comedy_films|English-language_films|1980s_romantic_comedy_films|Films_about_vacationing|Films_directed_by_Stanley_Donen|Films_set_in_Rio_de_Janeiro_(city)|Films_with_screenplays_by_Larry_Gelbart|Films_shot_in_Rio_de_Janeiro_(city), Stanley Donen, Demi_Moore|Joseph_Bologna|Valerie_Harper|Michael_Caine|Michelle_Johnson_(actress), Comedy|Romance
133139, Barbie in the 12 Dancing Princesses (2006), Elana Lesser| Ruth Handler| Cliff Ruby,  , Greg Richardson, "Nicole Oliver| Jennifer Copping| ""Catherine OHara""| Kelly Sheridan", 
103050, Pyaar Ka Punchnama (2011), Vaibhav Suman| Sumit Saxena,  , Luv Ranjan, Divyendu Sharma| Raayo S. Bakhirta| Kartik Aaryan| Nushrat Bharucha, 
58228, Which Way Is Up? (1977), Cecil Brown| Lina Wertmüller| Sonny Gordon| Carl Gottlieb,  , Michael Schultz, Lonette McKee| Margaret Avery| Richard Pryor| Morgan Woodward, 
181881, Bee At The Beach (1950), Nick George| Bill Berg,  , Dick Lundy| Jack Hannah, Clarence Nash, 
3827, Space Cowboys (2000),  , Films_about_old_age|Malpaso_Productions_films|Village_Roadshow_Pictures_films|2000s_disaster_films|American_buddy_films|American_disaster_films|American_science_fiction_films|Films_set_in_Houston|2000_films|American_films|English-language_films|Films_about_astronauts|Warner_Bros._films|Cold_War_films|American_space_adventure_films|Films_about_NASA|Films_directed_by_Clint_Eastwood|Films_produced_by_Clint_Eastwood|Films_scored_by_Lennie_Niehaus|2000s_buddy_films|2000s_science_fiction_films, Clint_Eastwood, James_Cromwell|Marcia_Gay_Harden|Clint_Eastwood|Courtney_B._Vance|Loren_Dean|William_Devane|Donald_Sutherland|Tommy_Lee_Jones|James_Garner, Action|Adventure|Comedy|Sci-Fi
164485, Payroll (1961), Derek Bickerton| George Baxt,  , Sidney Hayers, William Lucas| Michael Craig| Billie Whitelaw| Françoise Prévost, 
157006, Deaths Marathon (1913), William E. Wing,  , D.W. Griffith, Blanche Sweet| Lionel Barrymore| Walter Miller| Henry B. Walthall| William J. Butler| Robert Harron| Kate Bruce, 
39435, Legend of Zorro| The (2005), Ted Elliott| Alex Kurtzman| Johnston McCulley| Roberto Orci| Terry Rossio,  , Martin Campbell, Rufus Sewell| Antonio Banderas| Catherine Zeta-Jones| Alberto Reyes, 
174261, The Curtain Pole (1909), G.W. Bitzer,  , D.W. Griffith, Mack Sennett| Florence Lawrence| Harry Solter| Linda Arvidson, 
71728, Gayniggers From Outer Space (1992), Per Kristensen,  , Morten Lindberg, Konrad Fields| Gbatokai Dakinah| Coco C.P. Dalbert| Sammy Salomon, 
110104, Pioneer (Pionér) (2013), Cathinka Nicolaysen| Kathrine Valen Zeiner| Hans Gunnarsson| Nikolaj Frobenius,  , Erik Skjoldbjærg, Aksel Hennie| Wes Bentley| Stephen Lang| Stephanie Sigman, 
68590, Horrorvision (2001), Scott Phillips| J.R. Bookwalter,  , Danny Draven, Maggie Rose Fleck| Len Cordova| Brinke Stevens| Chelsea the Cat, 
42584, We All Loved Each Other So Much (Ceravamo tanto amati) (1974), Agenore Incrocci| Furio Scarpelli,  , Ettore Scola, Stefania Sandrelli| Nino Manfredi| Stefano Satta Flores| Vittorio Gassman, 
181417, Out of the Wild (2017), Mark Rashid,  , Paul Krizan, Kevin McCorkle| Benjamin Ashbrook| Jean Louisa Kelly| John Diehl, 
8520, Deep Cover (1992), Michael Tolkin| Henry Bean,  , Bill Duke, René Assa| Jeff Goldblum| Laurence Fishburne| Lira Angel, 
138486, Ex (2009), Marco Martani| Riccardo Cassini| Massimiliano Bruno,  , Fausto Brizzi, Silvio Orlando| Nancy Brilli| Claudia Gerini| Flavio Insinna, 
63483, While She Was Out (2008), Edward Bryant,  , Susan Montford, Kim Basinger| Jamie Starr| Craig Sheffer| Lukas Haas, 
110119, Mass Effect: Paragon Lost (2012), Patrick Seitz| J. Michael Tatum| Henry Gilroy,  , Atsushi Takeuchi, Vic Mignogna| Freddie Prinze Jr.| Monica Rial| Todd Haberkorn, 
1772, Blues Brothers 2000 (1998),  , American_action_comedy_films|Nuns_in_fiction|Saturday_Night_Live_films|American_buddy_films|American_road_movies|American_sequel_films|Films_set_in_Louisiana|1998_films|American_films|English-language_films|Universal_Pictures_films|American_musical_comedy_films|1990s_action_films|1990s_buddy_films|1990s_musical_comedy_films|1990s_musical_films|1990s_road_movies|Films_directed_by_John_Landis|Films_produced_by_John_Landis|Films_shot_in_Kingston, John_Landis, John_Goodman|Dan_Aykroyd|B.B._King|James_Brown|The_Blues_Brothers|J._Evan_Bonifant|Aretha_Franklin|Joe_Morton, Action|Comedy|Musical
128968, Stitch! The Movie (2003), Jess Winfield,  , Roberts Gannaway| Tony Craig, Chris Sanders| Tia Carrere| Daveigh Chase| David Ogden Stiers, 
42011, Fun with Dick and Jane (2005), David Giler| Judd Apatow| Nicholas Stoller| Gerald Gaiser| Jerry Belson,  , Dean Parisot, Jim Carrey| Téa Leoni| Richard Jenkins| Alec Baldwin, 
156210, Sugar (2004), Todd Klinck| Bruce La Bruce| Jaie Laplante| Saniul Alom Sun,  , John Palmer, Dorothy Gordon| Andre Noble| Marnie McPhail| Haylee Wanstall, 
155643, First Comes Courage (1943), Lewis Meltzer| George Sklar| Elliott Arnold| Melvin Levy,  , Dorothy Arzner, Isobel Elsom| Carl Esmond| Brian Aherne| Merle Oberon, 
170509, Esteros (2016), Andi Nachon,  , Papu Curotto, Blas Finardi Niz| Joaquín Parada| Ignacio Rogers| Esteban Masturini, 
26689, Havana (1990), David Rayfiel| Judith Rascoe,  , Sydney Pollack, Lena Olin| Tomas Milian| Robert Redford| Alan Arkin, 
3037, Little Big Man (1970), Calder Willingham| Thomas Berger, 1970_films|Films_about_Native_Americans|Films_based_on_American_novels|United_States_National_Film_Registry_films|American_films|1970_LGBT-related_films|1970_comedy_films|1970_drama_films|1970s_Western_(genre)_comedy-drama_films|Cinema_Center_Films_films|American_Indian_Wars_films|American_Western_(genre)_comedy-drama_films|Films_set_in_1868|Films_based_on_works_by_Thomas_Berger_(novelist)|Films_directed_by_Arthur_Penn|Films_set_in_1859|Films_set_in_1865|Films_set_in_1866|Films_set_in_1876|Films_set_in_1970|Films_set_in_Montana|Films_set_in_Oklahoma|Films_set_in_South_Dakota|Films_shot_in_Alberta|Films_shot_in_Montana|Cultural_depictions_of_George_Armstrong_Custer|Cultural_depictions_of_Wild_Bill_Hickok|Revisionist_Western, Arthur Penn, Dustin_Hoffman|Faye_Dunaway|Chief_Dan_George|Martin_Balsam|Richard_Mulligan, Western
146700, The Little Ghost (2013), Martin Ritzenhoff| Otfried Preußler,  , Alain Gsponer, Emily Kusche| Nico Hartung| Herbert Knaup| Jonas Holdenrieder, 
141305, Round Trip to Heaven (1992), Winston Richard| Shuki Levy,  , Alan Roberts, Gunter Simon| Ray Sharkey| Earl Finn| Frank Torres, 
278, Miami Rhapsody (1995),  , Hollywood_Pictures_films|1995_films|American_films|American_romantic_comedy_films|Films_directed_by_David_Frankel|1995_comedy_films|1995_directorial_debut_films|1995_romantic_comedy_films|Films_scored_by_Mark_Isham|Films_set_in_Miami, David_Frankel, Sarah_Jessica_Parker|Carla_Gugino|Paul_Mazursky|Kevin_Pollak|Antonio_Banderas|Mia_Farrow|Gil_Bellows, Comedy
159109, Benedict Arnold: A Question of Honor (2003), William Mastrosimone,  , Mikael Salomon, Aidan Quinn| Kelsey Grammer| John Light| Flora Montgomery, 
6923, Sherlock Holmes and the Voice of Terror (1942), John Bright| Robert Hardy Andrews| Lynn Riggs| Arthur Conan Doyle,  , John Rawlins, Evelyn Ankers| Nigel Bruce| Reginald Denny| Basil Rathbone, 
56874, Chicks with Sticks (2004), Don Truckey,  , Kari Skogland, Michie Mee| Juliette Marquis| Peter Outerbridge| Jessalyn Gilsig, 
6519, Fun with Dick and Jane (1977), David Giler| Mordecai Richler| Gerald Gaiser| Jerry Belson,  , Ted Kotcheff, George Segal| Jane Fonda| Dick Gautier| Ed McMahon, 
127100, Heavy Weather (1995), Douglas Livingstone| P.G. Wodehouse,  , Jack Gold, "Richard Briers| ""Peter OToole""| Roy Hudd| Judy Parfitt", 
749, Man from Down Under| The (1943), Mary Kelly| Tom Seller| Bogart Rogers| Wells Root, 1940s_sports_drama_films|1940s_war_drama_films|World_War_II_films_made_in_wartime|American_war_drama_films|American_black-and-white_films|American_films|American_romantic_drama_films|English-language_films|Metro-Goldwyn-Mayer_films|1943_drama_films|1943_films|1943_romantic_drama_films|American_boxing_films|American_sports_drama_films|Films_directed_by_Robert_Z._Leonard|Films_set_in_Australia|Films_about_orphans, Robert Z. Leonard, Charles_Laughton|Richard_Carlson_(actor)|Binnie_Barnes|Donna_Reed, Drama
68237, Moon (2009), Nathan Parker,  , Duncan Jones, Rosie Shaw| Kevin Spacey| Sam Rockwell| Dominique McElligott, 
139887, But Always (2014), Ho-Leung Lau,  , Snow Zou| Buniu Zhang, Nicholas Tse| Alice Li| Yuanyuan Gao| Haitao Du, 
155593, Pawns Move, Kim P. Wells,  , Caleb Vetter, Lisa Burns| Jo Anna Holt Mishler| Jami Harris Shine| Tyler Roberds, 
47493, Cabin in the Sky (1943), Lynn Root| Joseph Schrank| Marc Connelly,  , Vincente Minnelli| Busby Berkeley, """Eddie Rochester Anderson""| Ethel Waters| Louis Armstrong| Lena Horne", 
168400, Crosstrap (1962), John Newton Chance| Philip Wrestler,  , Robert Hartford-Davis, Jill Adams| Gary Cockrell| Laurence Payne| Zena Marshall, 
181305, Oszukane (2013), Michal Godzic| Monika Góra,  , Marcin Solarz, Paulina Chapko| Artur Zmijewski| Karolina Chapko| Katarzyna Herman, 
174465, Businessmen (1962), O. Henry,  , Leonid Gaidai, Aleksei Smirnov| Georgiy Vitsin| Yuriy Nikulin| Rostislav Plyatt, 
1918, Lethal Weapon 4 (1998), Miles Millar| Shane Black| Alfred Gough| Jonathan Lemkin| Channing Gibson, American_action_comedy_films|Triad_films|American_buddy_cop_films|American_comedy_thriller_films|American_police_detective_films|American_sequel_films|Cantonese-language_films|Films_about_United_States_Army_Special_Forces|Films_about_immigration|Films_directed_by_Richard_Donner|Films_scored_by_Michael_Kamen|Films_shot_in_California|1998_films|American_action_thriller_films|American_films|English-language_films|Films_set_in_Los_Angeles|Mandarin-language_films|Warner_Bros._films|American_buddy_comedy_films|American_martial_arts_films|American_pregnancy_films|Lethal_Weapon_(franchise)|Silver_Pictures_films|1990s_action_comedy_films|1990s_buddy_comedy_films|1990s_buddy_cop_films|Fictional_portrayals_of_the_Los_Angeles_Police_Department|Films_about_human_trafficking|Films_scored_by_Eric_Clapton|1998_action_thriller_films|1998_comedy_films|1998_martial_arts_films|Films_produced_by_Joel_Silver, Richard Donner, Rene_Russo|Jet_Li|Mel_Gibson|Chris_Rock|Danny_Glover|Joe_Pesci, Action|Comedy|Crime|Thriller
59938, Telefon (1977), Robert Frost| Walter Wager| Stirling Silliphant| Peter Hyams,  , Don Siegel, Lee Remick| Charles Bronson| Donald Pleasence| Tyne Daly, 
184593, Star Wars Downunder (2013), Bryan Meakin,  , Michael Cox, Paul Naylor| David Nicoll| Steve Diggerman| Blake Edgerton| Anthony Beake| Peter Best| Joel Spreadborough, 
137930, Cave of the Sharks (1978), Mauricio Melchiorre| Fernando Galiana,  , Tonino Ricci, Janet Agren| Pino Colizzi| Arthur Kennedy| Andrés García, 
141968, Xenia (2014), Francois Jonquet| Frédérique Moreau| Panagiotis Evangelidis,  , Panos H. Koutras, Nikos Gelia| Yannis Stankoglou| Kostas Nikouli| Marisha Triantafyllidou, 
96923, 2-Headed Shark Attack (2012), H. Perry Horton| Edward DeRuiter,  , Christopher Ray, "Carmen Electra| Brooke Hogan| Christina Bach| ""Charlie OConnell""", 
2305, Slam (1998), Richard Stratton,  , Marc Levin, Saul Williams| Lawrence Wilson| Bonz Malone| Sonja Sohn, Drama
141590, Paulina (2015), Eduardo Borrás| Daniel Tinayre| Mariano Llinás,  , Santiago Mitre, Dolores Fonzi| Esteban Lamothe| Silvina Sabater| Oscar Martínez, 
118989, Laugh! (1967), Mario Amendola,  , Bruno Corbucci, Little Tony| Ferruccio Amendola| Lucio Flauto| Marisa Solinas, 
191727, Peelers (2016), Lisa DeVita,  , Sevé Schelenz, Wren Walker| Cameron Dent| Madison J. Loos| Caz Odin Darko, 
105414, Mariage à Mendoza (2012), Anaïs Carpita| Thomas Lilti,  , Edouard Deluc, Paloma Contreras| Nicolas Duvauchelle| Gustavo Kamenetzky| Philippe Rebbot, 
163813, Going Down in Morocco (1989), Joaquín Oristrell| José Luis Alonso de Santos,  , Fernando Colomo, Antonio Banderas| Juan Echanove| Verónica Forqué| Aitana Sánchez-Gijón, 
123911, Zouzou (1934), G. Abatino| Carlo Rim,  , Marc Allégret, Yvette Lebon| Jean Gabin| Josephine Baker| Pierre Larquey, 
128193, Greetings from Tim Buckley (2013), David Brendel| Emma Sheanshang,  , Daniel Algrant, Norbert Leo Butz| Ben Rosenfield| Penn Badgley| Imogen Poots, 
175735, Je hais les enfants! (2003), Jean-Luc Goossens,  , Lorenzo Gabriele, Paul Charlent| Stéphane Freiss| Thomas Doucet| Clémence Lassalas| Carole Richert, 
184633, Cœur fidèle (1923), Marie Epstein,  , Jean Epstein, Léon Mathot| Gina Manès| Claude Benedict| Edmond Van Daële, 
80052, Muggers (2000), R.B. Taylor,  , Dean Murphy, Simon Bossell| Matt Day| Petra Yared| Jason Barry, 
8694, You Were Never Lovelier (1942), Michael Fessier| Delmer Daves| Ernest Pagano| Carlos A. Olivari| Sixto Pondal Ríos,  , William A. Seiter, Rita Hayworth| Fred Astaire| Isobel Elsom| Adolphe Menjou, 
146136, Masoom (1983), Gulzar,  , Shekhar Kapur, Jugal Hansraj| Naseeruddin Shah| Urmila Matondkar| Shabana Azmi, 
112355, Kid for Two Farthings| A (1955), Wolf Mankowitz,  , Carol Reed, Joe Robinson| David Kossoff| Diana Dors| Celia Johnson, 
130690, Cheerleaders Beach Party (1978), Chuck Vincent,  , Alex E. Goitein, Jamie Jensen| Lynn Hastings| Elizabeth Loredan| Gloria Upson, 
172783, Львиная доля (2001), Vladimir Bragin,  , Aleksandr Muratov, Yury Belyayev| Dmitriy Maryanov| Chulpan Khamatova| Nikolay Karachentsov, 
128209, Madison Avenue (1962), Richard P. Powell| Norman Corwin,  , H. Bruce Humberstone, Eleanor Parker| Eddie Albert| Jeanne Crain| Dana Andrews, 
92446, Overcoat| The (Il cappotto) (1952), Enzo Curreli| Giorgio Prosperi| Giordano Corsi| Luigi Malerba| Leonardo Sinisgalli,  , Alberto Lattuada, Ettore Mattia| Renato Rascel| Yvonne Sanson| Giulio Stival, 
110368, Barabbas (1953), Pär Lagerkvist,  , Alf Sjöberg, Olof Widgren| Ulf Palme| Erik Strandmark| Inge Wærn, 
50821, Billy the Kid vs. Dracula (1966), Carl K. Hittleman| Jack Lewis,  , William Beaudine, John Carradine| Virginia Christine| Melinda Casey| Chuck Courtney, 
130862, Cymbeline (2014), William Shakespeare,  , Michael Almereyda, Ed Harris| Milla Jovovich| John Leguizamo| Ethan Hawke, 
124695, The Angel Wore Red (1960), Bruce Marshall| Giorgio Prosperi,  , Nunnally Johnson, Ava Gardner| Dirk Bogarde| Vittorio De Sica| Joseph Cotten, 
3540, Passion of Mind (2000), David Field| Ronald Bass, American_mystery_films|2000_drama_films|2000_films|American_films|American_romantic_drama_films|English-language_films|Films_produced_by_Tom_Rosenberg|Films_directed_by_Alain_Berliner|Films_produced_by_Gary_Lucchesi|Films_with_screenplays_by_Ronald_Bass|2000_romantic_drama_films|Lakeshore_Entertainment_films|Films_scored_by_Randy_Edelman, Alain Berliner, Peter_Riegert|Stellan_Skarsgård|Demi_Moore|William_Fichtner|Sinéad_Cusack, Drama|Mystery|Romance
185109, Disobedience (2018), Rebecca Lenkiewicz| Naomi Alderman,  , Sebastián Lelio, Rachel McAdams| Rachel Weisz| Alessandro Nivola| Anton Lesser, 
156319, Buck Privates Come Home (1947), Robert Lees| Frederic I. Rinaldo| Bradford Ropes| John Grant| Richard Macaulay,  , Charles Barton, Joan Shawlee| Bud Abbott| Tom Brown| Lou Costello, 
193565, Gintama: The Movie (2010), Hideaki Sorachi| Akatsuki Yamatoya,  , Shinji Takamatsu, Akira Ishida| Daisuke Sakaguchi| Rie Kugimiya| Tomokazu Sugita, 
135312, Toto and the King of Rome (1951), Ennio De Concini| Dino Risi,  , Steno| Mario Monicelli, Alberto Sordi| Anna Carena| Totò| Aroldo Tieri, 
142132, Saturday Island (1952), Stephanie Nordli| Hugh Brooke,  , Stuart Heisler, John Laurie| Tab Hunter| Donald Gray| Linda Darnell, 
105855, Right Kind of Wrong| The (2013), Megan Martin| Tim Sandlin| Adriana Capozzi,  , Jeremiah S. Chechik, Ryan Kwanten| Kristen Hager| Jamani| Maria Menounos, 
117895, Maze Runner: Scorch Trials (2015), James Dashner| T.S. Nowlin,  , Wes Ball, "Thomas Brodie-Sangster| ""Dylan OBrien""| Giancarlo Esposito| Kaya Scodelario", 
69526, Transformers: Revenge of the Fallen (2009), Alex Kurtzman| Ehren Kruger| Roberto Orci,  , Michael Bay, Megan Fox| Josh Duhamel| Shia LaBeouf| Tyrese Gibson, 
1342, Candyman (1992), Clive Barker,  , Bernard Rose, Xander Berkeley| Virginia Madsen| Kasi Lemmons| Tony Todd, Horror|Thriller
1997, Exorcist| The (1973), William Peter Blatty, Films_set_in_the_1940s|Religious_horror_films|2000s_psychological_horror_films|American_psychological_horror_films|American_supernatural_horror_films|Films_directed_by_Renny_Harlin|Films_scored_by_Trevor_Rabin|Films_set_in_1949|2004_films|American_films|English-language_films|Warner_Bros._films|Films_set_in_Egypt|Demons_in_film|2004_horror_films|The_Exorcist|Morgan_Creek_Productions_films, William Friedkin, Linda Blair| Ellen Burstyn| Lee J. Cobb| Max von Sydow, Horror|Mystery
74585, Transformers: The Last Knight (2017), Art Marcum| Matt Holloway| Ken Nolan| Akiva Goldsman,  , Michael Bay, Josh Duhamel| Anthony Hopkins| Mark Wahlberg| Laura Haddock, 
59615, Indiana Jones and the Kingdom of the Crystal Skull (2008), George Lucas| Jeff Nathanson| David Koepp| Philip Kaufman,  , Steven Spielberg, Cate Blanchett| Harrison Ford| Karen Allen| Shia LaBeouf, 
378, Star Wars: Episode II - Attack of the Clones (2002), Jonathan Hales,  , George Lucas, Christopher Lee| Natalie Portman| Hayden Christensen| Ewan McGregor, 
210, Star Wars: Episode VI - Return of the Jedi (1983), George Lucas| Lawrence Kasdan, Films_scored_by_John_Williams|Guerrilla_warfare_in_film|Prosthetics_in_fiction|Rebellions_in_fiction|20th_Century_Fox_films|American_action_adventure_films|American_epic_films|American_science_fiction_action_films|American_sequel_films|BAFTA_winners_(films)|Films_featuring_puppetry|Films_shot_at_Elstree_Studios|Films_shot_in_California|1983_films|American_films|English-language_films|Films_about_rebellions|Films_shot_in_England|Return_of_the_Jedi|Star_Wars_films|American_science_fantasy_films|American_science_fiction_adventure_films|American_science_fiction_war_films|American_space_adventure_films|1980s_science_fiction_action_films|1983_science_fiction_films|Films_shot_in_Arizona|Films_shot_in_Hertfordshire|Hugo_Award_for_Best_Dramatic_Presentation_winning_works|Family_in_fiction|Fiction_about_regicide|Films_about_twins|Films_adapted_into_radio_programs|Films_directed_by_Richard_Marquand|Films_produced_by_Howard_Kazanjian|Films_set_in_forests|Films_set_on_fictional_moons|Films_with_screenplays_by_George_Lucas|Cyborg_films|Films_using_stop-motion_animation|Films_about_orphans|Jedi|Lucasfilm_films, Richard Marquand, Frank_Oz|Peter_Mayhew|Carrie_Fisher|Anthony_Daniels|Billy_Dee_Williams|David_Prowse|Kenny_Baker_(English_actor)|Mark_Hamill|Harrison_Ford, Action|Adventure|Sci-Fi
819, Star Wars: The Last Jedi (2017), George Lucas,  , Rian Johnson, Daisy Ridley| Mark Hamill| John Boyega| Carrie Fisher, 
6528, Rogue One: A Star Wars Story (2016), George Lucas| Gary Whitta| Chris Weitz| John Knoll| Tony Gilroy,  , Gareth Edwards, Felicity Jones| Diego Luna| Alan Tudyk| Donnie Yen, 
2628, Star Wars: Episode I - The Phantom Menace (1999),  , ,  , , Action|Adventure|Sci-Fi
1196, Star Wars: Episode V - The Empire Strikes Back (1980), Leigh Brackett| George Lucas| Lawrence Kasdan, Films_that_won_the_Best_Sound_Mixing_Academy_Award|1980_films|Films_scored_by_John_Williams|Prosthetics_in_fiction|Rebellions_in_fiction|20th_Century_Fox_films|American_action_adventure_films|American_epic_films|American_science_fiction_action_films|American_sequel_films|BAFTA_winners_(films)|Films_adapted_into_comics|Films_featuring_puppetry|Films_shot_at_Elstree_Studios|United_States_National_Film_Registry_films|American_films|Articles_containing_video_clips|English-language_films|Science_fiction_adventure_films|Star_Wars_films|American_science_fantasy_films|American_science_fiction_war_films|American_space_adventure_films|1980_science_fiction_films|1980s_science_fiction_action_films|Hugo_Award_for_Best_Dramatic_Presentation_winning_works|Family_in_fiction|Films_adapted_into_radio_programs|Films_directed_by_Irvin_Kershner|Films_with_screenplays_by_Leigh_Brackett|Films_using_stop-motion_animation|Films_adapted_into_video_games|Films_produced_by_Gary_Kurtz|Films_shot_in_Norway|Lucasfilm_films|The_Empire_Strikes_Back, Irvin Kershner, Frank_Oz|Peter_Mayhew|Carrie_Fisher|Anthony_Daniels|Billy_Dee_Williams|David_Prowse|Kenny_Baker_(English_actor)|Mark_Hamill|Harrison_Ford, Action|Adventure|Sci-Fi
295, Kung Fu Panda: Secrets of the Furious Five (2008), Paul McEvoy| Cyrus Voris| Jed Diffenderfer| Ethan Reiff| Todd Berger,  , Raman Hui, Will Shadley| Jack Black| Eamon Pirruccello| Dustin Hoffman, 
9406, Kung Fu Panda 3 (2016), Jonathan Aibel| Cyrus Voris| Glenn Berger| Ethan Reiff,  , Jennifer Yuh Nelson| Alessandro Carloni, Jack Black| Angelina Jolie| Bryan Cranston| Dustin Hoffman, 
159858, The Conjuring 2 (2016), Chad Hayes| Carey W. Hayes| David Leslie Johnson-McGoldrick,  , James Wan, "Vera Farmiga| Madison Wolfe| ""Frances OConnor""| Patrick Wilson", 
103688, Conjuring| The (2013), Chad Hayes| Carey W. Hayes,  , James Wan, Lili Taylor| Ron Livingston| Patrick Wilson| Vera Farmiga, 
76093, How to Train Your Dragon (2010), Marc Hyman| William Davies| Cressida Cowell| Adam F. Goldberg,  , Dean DeBlois| Chris Sanders, Jay Baruchel| Craig Ferguson| Gerard Butler| Christopher Mintz-Plasse, 
175, How to Train Your Dragon 2 (2014), Cressida Cowell,  , Dean DeBlois, Jay Baruchel| Craig Ferguson| Gerard Butler| Cate Blanchett, 
377, Batman Returns (1992), Sam Hamm| Daniel Waters| Bob Kane, 1992_films|American_films_about_revenge|American_neo-noir_films|American_sequel_films|Films_adapted_into_comics|Films_shot_in_Los_Angeles|PolyGram_Filmed_Entertainment_films|American_Christmas_films|American_films|Films_shot_at_Pinewood_Studios|Warner_Bros._films|Superhero_films_featuring_female_antagonists|American_superhero_films|Catwoman_in_other_media|1990s_Christmas_films|1990s_superhero_films|Batman_(1989_film_series)|Films_about_elections|Films_directed_by_Tim_Burton|Films_produced_by_Denise_Di_Novi|Films_scored_by_Danny_Elfman|Films_set_in_zoos|Films_with_screenplays_by_Sam_Hamm|Films_adapted_into_video_games, Tim Burton, Michelle_Pfeiffer|Michael_Keaton|Pat_Hingle|Christopher_Walken|Danny_DeVito|Michael_Gough|Michael_Murphy_(actor), Action|Crime
8533, Notebook| The (2004), Nicholas Sparks| Jeremy Leven| Jan Sardi,  , Nick Cassavetes, Ryan Gosling| James Garner| Gena Rowlands| Rachel McAdams, 
4993, Lord of the Rings: The Fellowship of the Ring| The (2001), Fran Walsh| J.R.R. Tolkien| Philippa Boyens,  , Peter Jackson, Elijah Wood| Orlando Bloom| Ian McKellen| Sean Bean, 
7153, Lord of the Rings: The Return of the King| The (2003), Fran Walsh| J.R.R. Tolkien| Philippa Boyens,  , Peter Jackson, Elijah Wood| Orlando Bloom| Viggo Mortensen| Ian McKellen, 
5952, Lord of the Rings: The Two Towers| The (2002), Stephen Sinclair| Fran Walsh| J.R.R. Tolkien| Philippa Boyens,  , Peter Jackson, Viggo Mortensen| Orlando Bloom| Ian McKellen| Elijah Wood, 
1101, Top Gun (1986), Warren Skaaren| Jim Cash| Jack Epps Jr.| Ehud Yonay, 1955_films|American_Western_(genre)_films|American_films|English-language_films|1955_Western_(genre)_films|Films_directed_by_Ray_Nazarro|Films_produced_by_Edward_Small, Ray_Nazarro, Kelly McGillis| Tim Robbins| Val Kilmer| Tom Cruise, Action|Romance
780, Independence Day (a.k.a. ID4) (1996), Dean Devlin,  , Roland Emmerich, Jeff Goldblum| Mary McDonnell| Will Smith| Bill Pullman, 
356, Forrest Gump (1994), Eric Roth| Winston Groom, Films_that_won_the_Best_Visual_Effects_Academy_Award|Films_whose_director_won_the_Best_Director_Golden_Globe|Cultural_depictions_of_Richard_Nixon|Military_humor_in_film|Hippie_films|1994_drama_films|American_epic_films|American_nonlinear_narrative_films|BAFTA_winners_(films)|Best_Drama_Picture_Golden_Globe_winners|Best_Picture_Academy_Award_winners|Films_about_amputees|Films_based_on_American_novels|Films_set_in_1962|Films_set_in_China|Films_set_in_San_Francisco|Films_set_in_Vietnam|Films_set_in_the_1970s|Films_shot_in_California|Films_shot_in_New_York_(state)|Films_shot_in_North_Carolina|Films_shot_in_Utah|Films_whose_writer_won_the_Best_Adapted_Screenplay_Academy_Award|IMAX_films|United_States_National_Film_Registry_films|1994_comedy_films|1994_films|American_films|English-language_films|Films_set_in_1971|Films_set_in_1976|Films_set_in_New_York_City|Incest_in_film|Paramount_Pictures_films|Films_set_in_Washington, Robert Zemeckis, Sally_Field|Mykelti_Williamson|Gary_Sinise|Tom_Hanks|Robin_Wright, Comedy|Drama|Romance|War
2959, Fight Club (1999), Jim Uhls| Chuck Palahniuk, Fiction_with_unreliable_narrators|Underground_fighting_films|Insomnia_in_film|1999_films|20th_Century_Fox_films|American_black_comedy_films|American_neo-noir_films|Films_based_on_American_novels|Films_shot_in_Los_Angeles|Regency_Enterprises_films|American_drama_films|American_films|American_satirical_films|English-language_films|Fictional_secret_societies|Films_based_on_works_by_Chuck_Palahniuk|Films_directed_by_David_Fincher|Films_produced_by_Art_Linson|Films_with_screenplays_by_Jim_Uhls|Dissociative_identity_disorder_in_films|1999_drama_films|Films_about_terrorism, David Fincher, Jared_Leto|Helena_Bonham_Carter|Brad_Pitt|Meat_Loaf_Aday|Edward_Norton, Action|Crime|Drama|Thriller
1610, Hunt for Red October| The (1990), Larry Ferguson| Tom Clancy| Donald E. Stewart| David Shaber, Submarine_films|1990_films|Films_based_on_American_novels|Films_shot_in_California|Films_shot_in_North_Carolina|Films_shot_in_Washington_(state)|Military_of_Russia_in_films|Murder_in_films|American_films|English-language_films|Films_based_on_military_novels|Films_shot_in_England|Paramount_Pictures_films|Russian-language_films|Films_set_in_Maine|Cold_War_submarine_films|Ryanverse_films|American_political_thriller_films|American_spy_films|1990s_spy_thriller_films|Films_based_on_works_by_Tom_Clancy|Films_directed_by_John_McTiernan|Films_scored_by_Basil_Poledouris|Films_set_in_Polyarny, John McTiernan, Sam_Neill|Scott_Glenn|Alec_Baldwin|Sean_Connery|James_Earl_Jones, Action|Adventure|Thriller
4310, Pearl Harbor (2001), Randall Wallace,  , Michael Bay, William Lee Scott| Kate Beckinsale| Josh Hartnett| Ben Affleck, 
